,0,1,2,3
0,0.0034965163,0.0017247704,0.0012669105,4.0414157
1,0.0029613413,0.001572335,2.412269,4.027184
2,0.037986998,0.0012599817,0.8810696,0.0034554526
3,4.0995784,2.6100373,3.7858899,0.015558207
4,2.8041782,2.7904282,0.0015134054,3.5072367
5,0.0005535382,3.5981975e-05,0.41069773,0.00036774858
6,7.2449036,0.0014809157,0.0012526342,0.008329309
7,0.0042719124,0.0018320959,0.0014142744,4.8356323
8,2.7383556,2.6679716,0.0018479133,3.5538774
9,0.0028562907,0.001479988,0.0013187586,4.668964
10,6.0171494,0.002876245,0.0034636795,5.66924
11,0.006119293,3.4522414,2.5021794,2.9904563
12,0.005780446,3.3312912,0.003653565,2.8147016
13,0.0037574656,0.0018134826,0.0012344577,4.2943907
14,0.007977704,0.0013180897,0.55106574,0.0037553073
15,2.8334532,2.7941954,0.0014012499,3.3117757
16,6.986674,0.001626048,0.0022633658,0.013111499
17,6.5135064,0.0015356073,0.0013072824,0.020791747
18,4.117975,2.6405058,1.3952761,0.003204431
19,0.0050530415,0.0017332194,0.0017029408,4.394349
20,0.005086288,0.0018280877,0.001647309,4.185096
21,0.0031947657,0.0016470703,1.9071658,4.446271
22,0.0034592592,0.0015699527,0.0015037898,3.841234
23,3.8303008,2.721648,4.861514,0.009019027
24,2.3991868,2.4426966,0.001343587,4.369796
25,0.0035858792,0.0015221336,0.0010942678,4.276389
26,0.009208382,0.0011457269,0.0007061688,0.0020112437
27,0.002970878,0.0014364378,3.1624103,5.064795
28,0.011713699,7.527648,0.0024276383,3.6786284
29,3.1696634,2.8155735,0.009079103,0.0021143449
30,7.7419477,0.0016599979,2.1407545,0.010824442
31,0.0105108125,7.5897546,0.0015036536,3.0343587
32,3.3968234,2.390244,0.71319413,0.0025157526
33,7.9088073,0.0016996058,0.0023534123,0.0277694
34,2.8839052,2.7516994,1.7943622,0.004036737
35,0.00022152266,4.832341e-05,0.6366831,0.0003261969
36,0.007770084,3.003337,0.018282194,3.5781908
37,2.4558294,2.7767792,0.0015543192,3.570791
38,2.2424047,2.6561086,0.0016756656,3.6383944
39,0.0002497194,7.447026e-05,0.5595715,0.00026977758
40,8.269489,0.0015286355,0.0013383157,0.009113726
41,7.6761446,0.0014975186,0.0016091575,0.010231999
42,0.0183578,0.0012669782,3.538435,0.003674592
43,0.00674155,0.00114949,5.1350956,0.007012389
44,4.6682253,2.3160372,3.012097,0.0041586715
45,0.010664082,7.6612163,0.0017726833,2.0972347
46,3.6225524,2.3858073,0.00054937036,0.0025035085
47,1.951173,2.526381,0.0012196762,4.131324
48,6.574686,0.0015767475,0.0015312567,0.021532869
49,7.2461653,0.0015831466,0.0013696009,0.043213
50,0.0062287543,7.4453004e-05,0.5141052,0.00030032388
51,0.003627991,0.0017516735,0.004951015,4.2992125
52,0.0028966316,0.0015294536,0.0022469282,4.275757
53,3.355713,3.0149422,1.1686105,0.0048067635
54,3.7708488,3.1689978,0.00081275037,0.0019822153
55,0.0036534637,2.6359804,0.882113,0.00403712
56,0.00043901894,2.040629e-05,0.22894084,0.00016975081
57,7.5332694,0.0015359976,3.1327703,0.008950295
58,0.000588668,7.5063785e-05,0.3311257,0.00020253292
59,0.10276296,0.0010767378,0.0014301911,0.008599374
60,0.0002947424,2.9336812e-05,0.29496413,0.00028250914
61,3.4232783,3.097438,1.2582201,0.0023502512
62,2.6672194,2.751778,0.004128713,4.6987567
63,3.2923534,2.844209,4.078588,0.008598251
64,0.7791534,0.0012471791,5.4240036,0.0398715
65,2.9656847,2.9855607,0.0016224737,3.5890503
66,5.699783,0.003328849,0.002946487,5.4711537
67,0.0033311374,2.964809,0.06903778,0.0049453573
68,0.010197601,8.890424,0.03218648,2.7048278
69,0.00019313519,4.040492e-05,0.25077486,0.00036360303
70,0.020655112,0.001094261,3.3528724,0.011120476
71,2.3204799,2.609363,0.004376677,4.4463263
72,3.3717825,2.8107426,0.00064360653,0.0024717462
73,7.5318036,0.0015561924,0.0015062335,0.008384643
74,6.0216146,0.0038172286,0.0035053955,4.180178
75,7.846108,0.0013662155,6.0172677,0.059214175
76,3.9094224,3.0494843,0.66812205,0.002577341
77,0.009494384,7.3504996,0.007991288,2.4736724
78,0.5572277,8.232044,1.0032946,0.006766286
79,0.0030424402,3.3178182,0.42997757,0.0042785336
80,0.00409589,0.0018634485,0.0015228603,3.114442
81,3.2460237,2.2959294,0.000600419,0.0024483125
82,0.003028523,0.0012877097,1.623956,0.0026446453
83,0.63213277,0.0010599961,4.064257,0.012824656
84,0.005785318,2.4786537,2.5415862,3.3512747
85,2.2797232,2.5682511,0.0011429342,3.542164
86,0.0043770624,0.0017984008,0.0014954022,3.7749794
87,2.3940468,2.7919953,0.0012107255,3.8577583
88,0.00076633395,0.037635572,0.25017214,0.00027712132
89,3.4047668,2.397856,0.00070080336,0.0018920527
90,2.377629,2.7640975,0.0011449289,3.7028558
91,0.0060710153,2.8023427,0.0014992448,2.80243
92,0.0048010824,0.0016752182,0.0019645004,5.068019
93,2.343638,2.5843496,0.0014213617,4.023143
94,0.002832259,0.0015926012,0.0019062823,4.163146
95,6.9423003,0.001576628,0.0013279135,0.01887788
96,0.017177382,0.0012506051,2.1545668,0.00296282
97,0.005906761,2.8694146,0.79029536,3.7014937
98,7.33814,0.0014370277,0.0014434261,0.008577903
99,0.058874436,0.0010254672,3.5663948,0.013147748
100,2.2767286,2.3099155,0.0019083039,3.064844
101,3.861524,3.004016,0.0005831599,0.0027986937
102,0.0067549613,3.3129642,0.004271652,3.280121
103,3.8967657,3.24451,0.0015521594,0.0030304024
104,0.03106935,0.0011681427,3.5691745,0.016855964
105,4.8386793,0.0042136037,0.0032441197,3.962153
106,0.0003367695,3.3140343e-05,0.32196376,0.00021095088
107,0.0038856792,0.001689566,0.01172591,4.769564
108,0.4757673,7.1032743,0.16083714,0.004164968
109,7.2370963,0.0014628258,3.3207953,0.044836275
110,3.313556,2.9045346,0.8516937,0.0070238174
111,7.7768903,0.001709029,0.0013045425,0.08272892
112,6.415165,0.0016135656,0.0049900343,0.015215705
113,0.0026328343,0.0015769106,0.0018606251,4.1358094
114,6.4778132,0.0016479533,0.0013659042,0.009986058
115,2.141106,2.4493523,0.0016256806,3.7622497
116,2.9935384,2.6392958,1.030991,0.002098751
117,0.0034773552,0.0016286803,0.0016608592,4.0746694
118,0.01515215,0.001139113,0.0026901534,0.0023222053
119,2.6321626,2.4328578,0.00219149,3.529118
120,2.5853124,3.007475,0.0013861313,3.924241
121,2.283536,2.5544403,0.0013362133,4.164801
122,2.38992,2.4693878,0.0010767943,3.7331107
123,3.6666481,3.1276078,1.9844828,0.0055368287
124,1.7197503,2.0211716,0.0013486064,4.0802946
125,0.0005199289,4.163157e-05,0.53245866,0.0002345778
126,0.5057678,8.096319,4.678689,0.0041994164
127,0.0056675496,2.3287985,0.0013277158,0.032770332
128,4.00887,2.5617619,0.7642772,0.0024276478
129,4.0615735,3.0004594,0.005576073,0.0024269498
130,2.8299463,2.565797,0.0015350794,3.5225415
131,0.003640692,0.0015749133,0.0016693398,4.400873
132,5.7286534,0.003707672,0.0031899144,4.3896747
133,0.04244286,0.0012113636,0.0005952354,0.019616311
134,0.043127045,0.0012751963,3.3623106,0.0039500706
135,4.352289,2.6145864,0.0013405747,0.002316081
136,0.00055382465,2.9479199e-05,0.41251075,0.0002449396
137,0.0145779485,7.724375,0.008585931,3.3031635
138,0.0024868785,0.0013915782,0.0012263729,4.008951
139,0.005957198,3.4238305,0.0021003361,1.8620607
140,6.6066003,0.003263195,0.0033515838,4.5548177
141,3.7741349,3.4176605,2.0669491,0.002312714
142,0.026220009,0.0011086015,1.6520544,0.0024262797
143,0.0033534716,0.0016667977,2.6269002,4.3420362
144,2.5497324,2.4904928,2.0214283,4.5480704
145,3.6525009,3.0683649,0.0005938145,0.0022061118
146,5.820899,0.0030692397,0.0031910173,5.84322
147,2.4694166,2.5906522,0.0014123296,3.370147
148,3.4458911,2.7731,1.9600998,0.005119997
149,3.9362736,2.2794807,1.0095901,0.0032908248
150,7.8695188,0.0016872191,0.0016273877,0.008491387
151,2.741947,2.5113246,0.0017195108,4.190793
152,0.00035625912,0.00096095935,0.2435624,0.00030210114
153,0.00177921,3.7814192e-05,0.33634034,0.00027008084
154,2.2820077,2.5048513,0.0012967992,3.8866298
155,6.937986,0.0014436382,0.001220269,0.008230998
156,5.7539463,0.004021105,0.003236564,5.1648073
157,3.3625612,2.3394134,0.0054079057,0.0025893992
158,0.10801619,0.0011077544,5.2302117,0.0064345463
159,2.8638103,3.1738842,0.002957046,4.148124
160,2.3087041,1.9962196,0.0020873018,4.197696
161,0.0030483808,2.185206,4.29318,0.0023167273
162,0.8431164,0.0011028508,0.0006302444,0.78995454
163,7.2173133,0.0014845525,0.0011899673,0.018061593
164,2.473899,2.6542573,0.0024415287,3.7166486
165,0.043469142,0.0012036694,2.9151368,0.009846847
166,2.2582557,2.4192698,0.0040180036,3.9278963
167,3.8952944,2.8591945,0.038030773,0.002858859
168,0.00034367133,2.907971e-05,0.28512523,0.00022639496
169,2.5729218,2.6602888,0.0019746125,3.00114
170,0.00015492483,1.4811203e-05,0.5352103,0.00015500226
171,0.0033453822,0.0018317901,0.0015924546,3.9792464
172,0.0029421598,0.0011004648,1.422655,0.0030121652
173,3.2479348,2.5834045,0.866574,0.0022065337
174,0.009687222,7.2072263,0.23044752,3.0474198
175,2.3893845,2.4720538,0.0009920939,3.5910437
176,3.6641881,2.4172761,4.3385725,0.0061088386
177,0.22001888,8.187884,0.53043157,0.004359497
178,0.027433375,0.001107617,0.00058906135,0.0020481013
179,0.38282013,0.0012195652,0.00085067865,0.006511615
180,0.00082327955,3.2462798e-05,0.3210906,0.00024195579
181,2.3281887,2.5181024,0.0012306006,4.1941867
182,6.9281254,0.0016195057,0.0038101983,0.08569221
183,0.009503396,7.086151,0.0018629323,2.0567863
184,3.8987927,2.6343286,0.0015076302,0.0023808153
185,0.0053985836,3.48823,0.45490602,2.2848918
186,0.33283585,7.498161,2.0667899,0.003998133
187,7.539044,0.0015002245,0.0012529892,0.37792128
188,2.3795223,2.8191807,0.0012260086,3.6568348
189,6.661247,0.0016457349,0.0018285585,0.13725436
190,0.011080914,6.9167356,0.0018857694,3.4097056
191,0.006600324,2.8959587,0.0013192097,0.18758343
192,6.760765,0.001593493,0.0011934785,0.006964424
193,4.313303,3.016478,2.1675885,0.0051558716
194,0.94843304,8.837005,0.0024991406,0.008021019
195,0.003438074,2.6965928,0.66580135,0.003907288
196,5.871995,0.003243787,0.0032039895,4.46586
197,0.17251605,6.9069114,1.7012981,0.0040188944
198,0.004049013,0.0018558163,0.0012426024,4.4780407
199,0.0045451703,0.0016481112,0.002885732,4.7963104
200,2.3091974,2.7352765,0.0016594217,4.9555407
201,1.0561763,0.0010391693,0.0004822763,0.0027000706
202,4.057343,2.5380216,0.13003607,0.0025666466
203,5.2242527,0.003253534,0.0040191323,4.4260063
204,2.6135294,2.4394205,0.001248128,3.565371
205,3.3883126,2.6984258,1.176593,0.004471605
206,8.15539,0.0014937338,0.0020479753,0.011905338
207,5.507097,0.0027346339,0.0032210941,4.097055
208,0.0033053022,4.020111,0.0030952182,0.0061556734
209,0.0050534992,1.5291672,0.005594199,2.349928
210,3.957401,3.3832142,3.8554502,0.004888157
211,3.2554212,2.9312458,0.0019020211,0.0022665702
212,0.0042397617,0.0017873425,0.0015162977,4.7448826
213,7.114032,0.0015473501,0.0040412685,0.11497691
214,2.2954397,2.472246,0.0019346996,4.3101377
215,7.8215847,0.0015527168,0.0016603406,0.007663186
216,8.190918,0.0015640408,0.0013366791,0.010258091
217,0.0034277153,0.001164741,0.0007449768,0.002731233
218,0.0035677408,0.0019171967,0.0067872587,3.9444704
219,0.0038646956,0.0017718535,0.0014146739,4.6506405
220,0.0027899132,3.1671245,0.99149466,0.0033999996
221,0.003097715,0.0016156011,0.0013641285,3.8918257
222,0.00287341,3.340385,6.4958205,0.003554372
223,6.7392073,0.0015285771,0.0015768324,0.01984344
224,0.25037813,0.0012036997,0.9808163,0.009467557
225,0.007147652,2.1945634,0.50420195,3.267395
226,0.004579257,0.0010741516,2.5613027,0.008258423
227,2.5384312,2.5172267,2.5164213,4.424275
228,3.5698543,2.9259207,1.8963668,0.0028815947
229,0.0034128104,0.0015565649,0.0010543844,3.4629507
230,0.012656474,0.0013522072,3.793767,0.009089369
231,0.73259777,7.6493073,3.3240323,0.0031512086
232,0.08119184,0.0010544059,2.6594377,0.036767345
233,0.0044394727,0.0016467294,0.0011767887,4.401557
234,2.3355544,2.6623418,0.0014044025,3.8791957
235,6.879361,0.0016887718,0.0013403784,0.008060026
236,2.2900813,2.2604055,0.0014124697,4.094343
237,3.1191816,2.7103717,0.0014027614,3.865844
238,0.00017151069,4.2697677e-05,0.319378,0.00024347239
239,0.0030097903,0.0015224929,0.0015388017,3.9323397
240,3.7329245,2.7906754,1.5650414,0.0021934428
241,0.070356704,0.0012237874,2.3950844,0.0041239914
242,0.6596341,0.0009801011,0.00046648987,0.04505919
243,0.00595421,2.4333365,0.03989722,1.9530562
244,0.010378149,7.720967,0.050444815,3.753288
245,0.0037099675,2.8226688,1.3632361,0.003879873
246,0.00582711,2.9630435,0.83908856,2.8564856
247,0.0034041088,0.0018354588,0.0041615176,3.706806
248,0.0101080295,7.6948237,0.001972195,4.0210447
249,0.010202042,7.2871523,0.0030762167,2.9040096
250,0.00034054933,6.475304e-05,0.3443778,0.0002075119
251,6.333438,0.0040093013,0.0030912978,4.75594
252,0.002403234,4.0231833,0.056720972,0.0047365488
253,0.005072499,2.5519106,1.2350794,2.860352
254,0.012174636,7.240838,1.9024477,3.3538983
255,0.0025890141,0.0014404517,0.0011985983,3.9133224
256,8.265682,0.0015054902,0.0031393962,0.034667503
257,3.6343575,2.9746213,3.0061507,0.0029725984
258,0.011301832,0.0011723506,2.2860785,0.009770228
259,0.030535508,0.001240011,3.4740355,0.008807284
260,2.5711823,2.102339,0.0014367482,2.8660574
261,5.7521095,0.0041020745,0.0029134746,5.1789274
262,0.010405016,7.462131,0.0014642237,1.8271034
263,7.4688945,0.0015983116,0.0015388662,0.0076249945
264,0.038485073,0.0010643543,3.4298356,0.01973248
265,0.051059686,0.0011727934,0.9427658,0.0022259022
266,0.004280203,0.0018229033,0.0014891744,3.983354
267,4.0044503,3.1828732,2.6300223,0.002719141
268,0.03544814,0.001291026,2.9289968,0.0038610448
269,6.343519,0.0015629091,0.013767339,0.6244332
270,5.651443,0.0037383577,0.0025417618,4.881407
271,7.530823,0.0016753924,0.0011650991,0.6105414
272,0.0031763448,2.9246788,0.036402322,0.004226677
273,2.353546,2.847481,0.0012509361,3.8596559
274,0.0038234151,0.0017107428,0.0013377019,4.878482
275,0.033593,0.0012655145,0.0017674032,0.0029250043
276,0.006142306,2.0713484,2.450195,3.7292528
277,2.7107487,2.809215,0.0013537756,2.7754197
278,2.4026978,2.812034,0.0010370758,4.496046
279,0.01903531,0.0011252462,3.3028204,0.0045613456
280,2.6401808,2.6840377,0.0018703699,3.9545836
281,0.006298281,2.6941273,0.65918434,3.1358516
282,5.533173,0.002814283,0.0033228481,4.700187
283,3.5879292,2.930935,0.89889765,0.0023774575
284,2.3937974,2.8078868,0.0014236781,3.2226737
285,2.778806,2.8298779,0.0019046231,4.180494
286,0.010289239,7.099192,0.029664185,3.0589695
287,0.4898851,0.0010701293,1.912188,0.047386803
288,2.657274,3.0220096,0.0013318298,3.5966415
289,0.17935964,8.332279,4.8700647,0.0050667576
290,0.22782941,9.0223875,2.2373223,0.0050771427
291,3.5747535,2.3525841,0.0006478643,0.0031877477
292,0.0034198838,0.0017243864,0.0015132235,4.443538
293,0.02386275,8.061911,2.0909755,0.003975778
294,2.2669392,2.5027835,0.001296675,3.66652
295,0.0092423735,0.0010674725,0.0011104367,0.003727034
296,7.3944364,0.0015770881,0.0015723973,0.006896736
297,3.0522106,3.2547407,0.0015390115,3.4963872
298,0.0053891162,0.0020200275,0.005384875,5.5309453
299,3.594312,2.9533064,1.6087731,0.002241026
300,5.4484625,0.0030000913,0.0027845092,4.6267114
301,2.35897,2.5766997,0.0014205492,3.7386317
302,2.1080005,2.3806345,0.0022589935,3.9735415
303,7.1315737,0.0015789813,0.004176244,0.017470147
304,0.004025053,0.0018570211,0.0014397369,3.894529
305,3.523851,2.9311206,0.05846009,0.003242952
306,0.03457706,0.0013855464,4.3263707,0.010093287
307,7.2136307,0.0015330582,0.0035763883,0.03773923
308,0.0002187536,2.2249988e-05,0.42946225,0.00015878097
309,6.875048,0.0015046132,0.0013036228,0.018474834
310,1.6564637,0.0011156524,4.538331,0.004467419
311,5.5568247,0.0026992946,0.0028452105,5.4484463
312,0.004610971,0.0019339415,0.0013891524,4.5519514
313,3.7285986,2.7856157,0.0011581366,0.0023635025
314,3.4495742,2.4483383,0.85071164,0.002651158
315,2.2877994,2.7989028,0.0011910561,3.7336955
316,2.6432974,2.4367678,0.0026445105,4.464507
317,0.0013205621,4.390001e-05,0.31120414,0.00030316235
318,0.005648672,1.8345089,0.009241338,3.401102
319,2.620059,2.7688193,0.0018726928,4.1797123
320,5.5992856,0.003367308,0.002610542,4.235234
321,0.033779223,0.0010986376,1.5424408,0.0023979968
322,0.003210244,0.0014564483,0.0012045742,4.2178264
323,2.189704,2.4293468,0.001141505,3.83138
324,7.607904,0.0015696518,0.0015469289,0.021885779
325,2.7778256,2.4669251,0.008238761,3.8028708
326,3.7522264,2.6709516,1.8535333,0.0035821383
327,3.659851,2.89303,3.131286,0.0056304852
328,2.842072,3.096338,0.00220081,4.1684732
329,6.6839795,0.001693599,0.0013414731,0.009979179
330,0.0034162132,0.0016918919,0.0018787651,3.721086
331,5.719655,0.0028595666,0.003027332,5.466429
332,0.09406971,0.0010278543,0.75874275,0.0024426975
333,6.7058983,0.0037200507,0.0035352143,4.7217317
334,2.7751215,2.842835,0.0035210524,3.9635205
335,0.051220614,0.0010252717,0.000529903,0.0024365508
336,0.00521472,3.0051928,0.07626675,2.354264
337,3.1877089,2.5923798,0.0016990848,3.3430026
338,0.004491813,0.0017741454,0.0012595161,3.775862
339,0.0076169632,2.1562302,3.6438684,4.01219
340,3.6422744,2.804967,1.7080336,0.004625973
341,0.0052031376,2.3505635,0.30712384,2.6020095
342,8.09359,0.0017689192,0.001809191,0.021078816
343,0.0040113972,0.0018055264,0.0016038534,3.9287055
344,0.004433723,0.0011705346,0.0008374007,0.0028771118
345,0.00030407446,3.9803203e-05,0.37321523,0.00015121062
346,3.4952292,2.5667229,1.2985959,0.0033405141
347,0.4010858,0.001187975,4.212139,0.0040253308
348,4.0633874,2.6819925,0.00065474486,0.0031005095
349,4.029324,2.7983813,0.0016052545,0.0040798592
350,3.8241768,2.9788191,0.005038288,0.0032545952
351,4.232885,2.6848433,0.00058457756,0.0037599748
352,1.2980558,0.0011348738,6.651392,0.006866557
353,2.5299606,2.5394347,0.0011830508,3.7127247
354,2.4762218,2.5856645,0.0012772459,3.8470185
355,0.004172735,0.0016247553,0.0015501062,4.255123
356,0.010895969,7.373539,0.0021704566,2.5528665
357,2.4403248,2.3703446,0.0014055172,4.0598283
358,0.01227405,7.217048,0.0018031483,2.7807128
359,0.005743757,2.8445413,1.7607843,3.6603305
360,2.8490858,2.8315294,0.0014572479,3.1903222
361,0.003844316,0.0016714314,0.001220868,3.9645693
362,8.159023,0.001627945,0.006009589,0.015597897
363,7.934098,0.0018705251,0.0021053927,0.014388866
364,0.04002405,0.0011442375,1.9478221,0.021696765
365,2.6357427,2.834827,0.0015697116,3.1628072
366,2.3960772,2.7734716,0.0014914243,3.875553
367,0.11700188,0.001054238,0.002101012,0.0029059323
368,4.3266053,2.5679693,4.2922945,0.0026979472
369,0.005352563,2.1063607,0.385567,2.516899
370,7.1521983,0.0015935926,0.0012594272,0.03527441
371,3.3617547,2.7121022,0.002409561,0.0021812406
372,7.5050373,0.0015627078,0.0011586128,0.012975266
373,4.1001525,2.6486118,0.0010226482,0.002702772
374,0.00064316444,2.5457754e-05,0.3293899,0.00019447017
375,0.01707592,0.0013093654,0.0016324605,0.0035117767
376,3.5023303,2.7774787,1.9094892,0.0020843926
377,7.1316495,0.0015506961,0.009623043,0.65366596
378,2.2113185,2.8393216,0.0014572479,4.035055
379,0.005463247,2.5600271,0.002489947,2.5061994
380,0.011882232,7.9328833,0.004058556,2.437345
381,3.5344758,3.150541,1.0875946,0.0037879273
382,0.017986597,0.0011149892,0.0031143208,0.0025487537
383,0.00032597952,3.240984e-05,0.25862643,0.0002960713
384,0.0047009103,0.0017759027,0.0013054939,4.7012362
385,0.012036442,6.833415,0.011126481,2.765799
386,3.3386304,2.8116746,1.2272288,0.0036676824
387,2.5190458,2.6091921,0.0012258257,3.5489855
388,5.3398643,0.0034972432,0.002298374,4.633499
389,0.0024721422,0.0013135666,0.0013105047,4.0831532
390,7.575086,0.0015480608,0.0012094312,0.008667664
391,0.0034179387,0.0017966762,0.0017143579,4.7540865
392,0.011666948,6.5712733,1.2553927,2.6924498
393,4.9783344,2.2993977,0.0019183654,0.0031872184
394,3.631337,2.6395612,2.0548368,0.0029711218
395,0.10178832,7.406761,1.741832,0.0052262456
396,3.6917315,3.3714767,2.943332,0.0049079414
397,0.0035241884,0.001831302,0.0015765339,3.656517
398,0.0003492114,2.1930116e-05,0.45303118,0.00017060465
399,0.018942907,0.000987182,0.0050708014,0.002332484
400,0.007032712,3.2268093,0.0012753793,1.1105486
401,0.013668424,8.364882,2.4132924,4.2375665
402,8.038838,0.00135374,5.545287,0.016291331
403,2.154445,2.2300563,0.0014525228,3.900912
404,2.537142,2.5414236,0.0015889906,4.678208
405,0.13340998,0.0011276117,0.0018437887,0.0024296385
406,7.5201707,0.0015307084,0.0073865647,0.009428835
407,0.007900985,0.0013657693,5.310304,0.006244346
408,2.86158,2.7278695,0.0014567436,3.8761752
409,0.0034348685,0.0018398822,0.00145211,3.7427778
410,0.00015851151,2.640506e-05,0.39795732,0.00016115655
411,7.2915587,0.0015223767,0.0036261855,0.017970644
412,3.9803228,2.6932054,2.207424,0.0038918727
413,0.002348854,4.4611967e-05,0.3070719,0.0001512063
414,2.722195,2.746872,0.0045603733,4.620715
415,0.5393042,0.0011706792,3.9000454,0.0031228594
416,0.06907794,0.0010787868,2.231957,0.010227506
417,5.4904723,0.0036613308,0.003005994,5.0909376
418,0.0036702717,0.0013883638,0.0013708462,4.3619604
419,3.2576478,2.5214198,1.2085888,0.0067807366
420,3.4407914,2.1355147,1.7665422,0.0027093154
421,0.00011682824,1.7548075e-05,0.35215458,0.00020750774
422,5.818768,0.0027961475,0.0028871263,3.9033892
423,4.0495753,2.2516167,0.0015803853,0.0032645147
424,5.895902,0.002968233,0.0024707562,4.6824265
425,7.1048446,0.0015685773,0.0011788476,0.016535854
426,0.0055984952,2.69032,0.0013988172,2.9020958
427,0.0039602546,0.0016931178,0.0014945945,3.4254882
428,2.1938543,2.3751886,0.0013543309,3.333709
429,2.4862683,2.5800707,0.0016541918,3.2892113
430,0.002931317,0.0015147548,0.0016916216,4.418218
431,0.013984591,0.001001794,0.0010845407,0.0024845377
432,3.6250677,2.5482643,0.00061737193,0.003043871
433,2.8844001,2.7361958,0.009852103,3.6117234
434,3.2030253,2.8975546,0.0057425224,0.0020755446
435,3.293182,2.734283,0.0007944252,0.0026843078
436,0.28455514,8.807571,3.394971,0.004027009
437,6.0428166,0.0028166175,0.003370092,5.119462
438,0.0029612705,0.001626822,0.0017322724,4.013275
439,7.605646,0.0017658034,0.005200132,0.008766754
440,6.5800843,0.0016451722,0.002548727,0.02772179
441,0.015294325,0.0011065861,2.9264095,0.002735718
442,2.3210769,2.6708791,0.0014501297,3.5398066
443,7.294145,0.0017640715,0.009055587,0.02834156
444,2.521955,2.7570503,0.0014138868,2.4981375
445,0.0051784627,0.0010976035,1.0214738,0.0023744563
446,6.354171,0.003331093,0.0029235627,4.662876
447,0.004257535,0.0017331375,0.001127315,4.613782
448,6.030736,0.0028309803,0.0027536296,4.057976
449,0.3487792,0.0011842039,2.647392,0.06652604
450,0.012922234,0.0011593649,1.317177,0.01369755
451,0.016530216,0.0011399487,0.0006802,0.00647478
452,0.006966025,3.2630122,0.0015453739,0.13155593
453,6.6100087,0.0016222037,0.0025521906,0.05786278
454,0.00017067592,2.0230464e-05,0.17358841,0.00017241643
455,5.4805856,0.004217656,0.002839655,3.6695793
456,2.709849,2.7189028,0.0013062884,3.7166712
457,1.7511864,0.0010714236,2.0298998,0.088444255
458,7.253384,0.0016061212,0.0306465,0.040582683
459,0.0023101075,0.0013425392,0.00055341865,0.0023059407
460,3.8656137,3.3172367,0.001394364,0.0023797846
461,0.0032060265,3.356548,3.4038355,0.0035191253
462,2.9729898,3.104942,0.0014732582,3.889771
463,0.011595358,0.0011801496,1.1703411,0.002416013
464,0.0027774717,0.0014082772,4.358271,0.0025412359
465,0.0003755993,8.597836e-05,0.33718237,0.0002379172
466,0.0116144875,8.499391,0.0070551424,2.1678195
467,0.0058033853,2.2843046,0.0021682647,2.4598906
468,2.570958,2.4105341,0.0016724017,4.383129
469,3.708301,2.85931,3.846966,0.0054122186
470,0.046324395,0.0011724579,0.9096916,0.0028253072
471,7.1936936,0.0016484916,0.005431775,0.012275425
472,0.0058579394,3.318766,0.0048653237,2.133059
473,0.0036749195,0.0016014524,2.1462705,4.8077974
474,0.0053137136,2.7743402,1.6876186,3.0501437
475,0.0051292754,1.2247813,7.0858636,0.003985355
476,0.012896503,0.0013352082,5.0879135,0.003883927
477,0.0258166,0.0010583681,0.00071990484,0.0038717894
478,4.1332893,3.078551,0.0022301134,0.0028693778
479,0.5407997,0.0011621428,1.1482162,0.0045981156
480,5.820095,0.003486156,0.002719787,4.7393274
481,0.01428992,8.265777,0.0060533443,2.9132595
482,0.01291852,7.824599,1.5797565,3.027544
483,0.0036517726,0.0017178725,0.0016472194,4.065971
484,7.311795,0.0015287878,2.966785,0.0090989275
485,2.3052046,2.2520962,0.0014620573,4.1635103
486,3.091319,3.1004899,0.0012744644,3.7450325
487,7.0055256,0.0017139491,0.1849626,0.19489127
488,2.4692185,2.476826,0.0028852052,4.357214
489,0.0028486357,0.0016298876,0.0017467774,3.6113627
490,0.011366085,8.183867,1.7679087,2.2649364
491,0.0026263304,0.0016731961,0.0014447621,2.6281767
492,0.0023847227,2.2193186,1.4491553,0.0027756328
493,0.009781401,7.0027933,0.0045095524,1.8347504
494,4.024274,2.641625,4.516872,0.010603818
495,0.002224475,3.3535106,0.25736666,0.0041738753
496,0.0010726647,2.1790107e-05,0.43534943,0.00018108108
497,2.916854,2.895596,0.00068868446,0.0018676125
498,2.4517863,2.4800448,0.0013739874,3.2741492
499,2.9330063,2.613022,0.0011877503,3.3979905
500,0.0035551975,0.0016549886,0.0016753597,3.3402488
501,0.0035279444,2.8340268,1.750161,0.00491537
502,2.7005332,3.155124,0.0012585976,3.913428
503,0.00812552,0.0011317509,4.540117,0.0069563156
504,5.8736124,0.003166784,0.003264524,4.4506564
505,0.0019926967,0.0002470284,0.3021911,0.0002492041
506,3.1483862,2.0164511,2.4304738,0.002292103
507,0.0058956295,3.1280422,0.024018837,3.143075
508,0.010904555,8.41792,0.020477327,2.1009212
509,2.1417,2.184054,0.001268718,4.107366
510,3.4387982,2.6898382,3.1320472,0.0049816067
511,0.03956015,0.0009702343,0.00059659814,0.0020787516
512,7.4446006,0.0014816311,0.0011904957,0.010680433
513,0.0049938955,0.0018666483,0.0016169006,4.463684
514,0.07604661,0.0013076391,2.4277747,0.0034280652
515,6.7074213,0.0015723456,0.0015612979,0.0071125347
516,2.9729474,3.0940044,0.0019238351,4.7880907
517,0.0040526176,9.5499585e-05,0.21290986,0.00029642158
518,6.228494,0.0036554642,0.0027484137,4.9208374
519,0.001834765,0.0010148099,0.6068746,0.00027107145
520,0.004455912,0.0018902221,3.9272494,5.1129165
521,0.00026008618,0.0001221527,0.39260858,0.00024485507
522,2.939355,2.573767,0.003991055,3.3203566
523,2.292734,2.3976068,0.0013713993,4.020608
524,0.0011473462,6.936508e-05,0.51980114,0.00018751321
525,0.0027849765,0.0015074124,0.0013254482,3.9936657
526,3.3488324,2.9197226,0.0022099284,0.0020499234
527,0.016112983,9.094348,2.399958,0.005625287
528,0.02197227,0.0012714943,0.6169295,0.0034436292
529,7.352129,0.0014869854,0.001255701,0.008041535
530,3.839033,2.8236122,3.0402303,0.005446506
531,0.00052880094,5.591385e-05,0.16585468,0.0003203771
532,3.306716,2.433944,2.4137073,0.00263306
533,0.0033476723,0.0016367849,0.0013662938,4.5216556
534,0.0054317904,2.8879993,3.2828038,4.2196484
535,3.7607574,3.3866477,0.0007680017,0.002780575
536,3.63438,2.3005378,3.69385,0.002692475
537,0.18457834,0.0010303048,2.0776644,0.0025282076
538,4.015071,2.7137582,1.816673,0.003229131
539,6.246748,0.0025343103,0.0026862272,4.033646
540,2.8141794,2.9466863,0.0025213598,4.1519585
541,2.674138,2.5516682,0.002086066,3.6433458
542,2.3873549,2.4793239,0.0020101173,4.2613044
543,0.002245247,0.0009792363,0.00037113158,0.0017455367
544,7.51571,0.0017465433,0.0012607028,0.06533913
545,3.4494944,2.7377028,0.0029358575,0.0025376515
546,4.078004,2.5449436,0.0006978805,0.0026106443
547,6.5005984,0.0015197294,0.0031280443,0.15256421
548,0.00316054,0.0016799795,0.05551709,4.1101785
549,0.02719009,0.001161775,2.8251798,0.0038456966
550,3.3650875,2.3956745,1.5044872,0.0024564106
551,3.3085847,2.9252903,0.0037505669,0.0021155123
552,0.003459698,0.0012275606,0.017656479,0.0019565432
553,2.558142,2.7928872,0.0015684502,4.3002286
554,0.013334712,7.5881515,0.0018683082,2.9017916
555,2.5475194,2.852593,0.0012692742,3.4125333
556,0.006248495,3.0869765,1.8311361,3.296548
557,0.017527254,0.0011144826,0.0011873476,0.0024437415
558,0.0007907105,4.9476635e-05,0.27893573,0.00016181293
559,0.008903396,7.5122004,0.0017156254,0.20081736
560,0.011458355,0.0011723534,1.6561162,0.008627905
561,0.015121194,0.0013751108,0.0010864742,0.00367414
562,0.0034470235,0.0013735702,0.0011396662,4.207178
563,3.8623369,2.3819427,4.09143,0.0059666815
564,0.019255823,0.0010567374,4.618034,0.040217638
565,0.3892536,0.0011147727,0.0018133149,0.00622217
566,7.9746175,0.0014837267,0.04061501,0.081001975
567,0.01024119,0.0010694667,0.0005463796,0.00235524
568,0.049041566,0.0010093411,0.99732953,0.036731396
569,2.6041138,3.2758627,0.0012137203,3.38527
570,0.009185319,0.0011435993,0.0009357667,0.0025324076
571,7.9956203,0.0016244896,0.015381891,0.011950361
572,0.0025647772,0.0011458136,2.0641265,0.005191589
573,2.5098066,2.4429643,0.007739219,3.812616
574,0.00025211327,4.503842e-05,0.3565917,0.0002618158
575,3.3280907,3.0695322,0.82460743,0.0027633696
576,0.0047769425,2.0954442,0.95378864,2.9046109
577,0.027967883,0.0011300517,0.0030525366,0.37599945
578,3.0341914,2.2808833,2.0895445,0.0054701157
579,3.7287867,3.154307,1.7488829,0.0025650659
580,0.0024617843,3.3052692,0.8104466,0.00436766
581,4.42614,1.7985382,0.0029540358,0.0037663595
582,7.6633005,0.0017106637,2.7191904,0.03497974
583,3.473139,2.7859685,1.5412316,0.0057728984
584,0.0322301,7.371855,1.1407216,0.004619422
585,0.005790231,3.38767,0.0019963954,1.8917181
586,2.4865391,2.1863937,0.002885029,4.102043
587,7.223872,0.0014163099,0.0013791118,0.007318968
588,3.1768289,2.9339836,1.7987148,0.003616945
589,0.0047580926,0.0011875615,0.0022931674,0.0029718713
590,2.368448,2.3856122,0.0013209564,4.0551147
591,8.18883,0.0016481403,0.0015146356,0.008778608
592,0.66864973,0.0010558318,6.034745,0.0039939485
593,0.014459572,0.0011333943,0.79702216,0.0033833208
594,3.5832093,2.718596,1.1405872,0.0024425185
595,3.4573364,2.0807068,2.051205,0.002501475
596,2.4895217,2.9701366,0.0011751199,4.04808
597,0.07679368,7.9132867,2.191953,0.0033339309
598,3.9805076,2.5882351,1.4625397,0.002892193
599,7.6651516,0.0015171113,0.002399922,0.05636235
600,3.8741176,3.05303,1.4518063,0.0028277992
601,6.714892,0.0015860663,0.001136769,0.026753273
602,3.4936779,3.0289896,0.0012855704,0.0021643394
603,2.6856627,2.3335135,0.0018170108,3.127761
604,2.0564127,1.9649277,0.0013724454,4.3403287
605,6.9425898,0.0015866987,0.0018974068,0.41360763
606,7.4888988,0.0016965929,0.021284094,0.009220901
607,0.25218296,8.946964,2.4477599,0.005187617
608,3.7399447,2.9891007,2.1411479,0.0035295144
609,0.67596203,0.0011145718,1.948687,0.4427648
610,4.0849404,3.1725156,1.5309297,0.0041349824
611,0.0037762248,0.0017112029,0.0013461726,3.7159796
612,0.011191621,7.5815706,0.9947242,3.5782335
613,6.843148,0.0015974286,0.006583721,0.0727317
614,3.324553,2.975245,0.0010251753,0.0024610674
615,2.6891234,2.1600459,0.0011802193,3.0009737
616,0.006011859,2.6322792,0.0012752431,2.6371095
617,0.08098924,0.0011664171,0.00074041897,0.0051716818
618,0.004617607,0.0018898959,0.0014421128,4.193125
619,8.116511,0.0016876085,2.2805083,0.011716526
620,0.0130712595,6.718855,0.0017321841,2.5334525
621,2.6218212,2.7615564,0.001399784,3.9637554
622,2.6731167,2.5988853,0.0015769686,3.9002726
623,0.004157055,0.0016667723,0.043134335,4.5006003
624,7.1812286,0.0015693523,0.001276525,0.044463936
625,2.9804497,2.5616133,2.301487,0.0029812502
626,5.5416155,0.0028998696,0.0034511269,3.9828556
627,0.0058882236,0.0011172458,2.1466613,0.0030422646
628,3.4947033,2.7992926,1.6376258,0.0026466954
629,0.0049971896,2.4200044,0.012901664,2.903772
630,3.4209569,2.6185195,0.00054193614,0.002404701
631,7.2001815,0.0015528745,0.0025088096,0.022015259
632,0.0033435165,0.0014908647,0.0015851272,4.360952
633,5.5515823,0.0031346949,0.0034529506,4.323977
634,0.00035919028,2.5169753e-05,0.53621745,0.00020613319
635,0.4283827,7.9987016,3.1375198,0.003977433
636,0.01891122,0.0012170897,3.7806444,0.003403487
637,0.004674728,0.0011493311,0.508114,0.0023772644
638,2.4210684,2.611873,0.0012160491,3.761262
639,4.1752906,2.5017889,0.95343965,0.0036687092
640,2.3654125,2.014296,0.0012560663,4.3073545
641,3.4298377,3.0974894,0.7846025,0.0025236055
642,0.006165141,3.0063522,0.63211906,3.5857723
643,5.3696766,0.00426884,0.0027115382,3.9530373
644,7.4652624,0.0016274707,0.006147724,0.011521828
645,0.0032491079,0.001809662,0.009307172,3.920951
646,0.0029013492,2.896359,4.813609,0.004185644
647,7.961445,0.001640537,0.0014181088,0.00905468
648,3.3773994,2.5825527,1.3930345,0.002582408
649,0.011903952,7.8106456,0.0034568403,2.8845723
650,0.14183879,8.345882,3.8953726,0.004313386
651,0.013157149,8.160327,0.0025730724,0.39232334
652,0.0032489095,0.0016913175,1.7276998,4.9175453
653,6.644151,0.0015805572,0.0011921829,0.23497237
654,3.856534,2.9345474,3.5191207,0.0056149717
655,2.1218898,2.481679,0.0012704434,4.3974395
656,0.013472881,7.13551,0.002170175,2.736003
657,0.0058922768,2.5362923,2.0118954,3.1165454
658,3.7801757,2.460047,4.0760126,0.0025227093
659,0.0059388136,7.29865e-05,0.47341788,0.00032289414
660,0.018990895,0.0013272449,2.4830005,0.028201414
661,3.238667,2.5177972,1.8174702,0.0033355227
662,0.010083416,0.0012945287,0.008337236,0.0024522196
663,0.003651466,0.0018252961,0.0012655543,3.9082108
664,2.7643502,2.340838,0.0028669257,4.6380525
665,0.010155089,0.0012223258,0.00057995727,0.0025249214
666,0.035156094,0.0012656208,1.7962531,0.0021394107
667,3.8306327,3.397342,1.0519245,0.0023060036
668,2.7943623,2.7930727,0.0015460927,2.9310534
669,0.0036918581,0.001862157,0.0020829607,4.2294483
670,0.0050322544,2.6003413,1.1750463,2.791816
671,0.0043488857,0.0018136002,0.0017619195,4.6594634
672,0.0033528192,0.0018936385,2.0159662,4.3127575
673,0.00024695368,2.188044e-05,0.45521343,0.00019038876
674,2.332104,2.646381,0.0012304855,4.4114604
675,7.4502807,0.0014905989,0.002151535,0.010712607
676,0.004399538,0.0016408092,0.0013847294,4.5910873
677,0.015883535,0.0011747659,0.0006225129,0.004552858
678,0.0037788402,0.0018057805,0.0012810453,3.7534933
679,3.985139,2.3854527,0.00097473606,0.0044968897
680,6.6744637,0.0015604144,0.0031537865,0.15787727
681,2.6681147,2.7290287,0.0013039238,3.3424883
682,5.4770637,0.0031834366,0.0025034356,4.1205378
683,0.00029520036,6.638256e-05,0.34246552,0.0002619554
684,2.1197426,2.4005933,0.0016702699,3.8271463
685,6.078517,0.0037711628,0.003338791,4.2686377
686,2.4145756,2.229498,0.0013726037,3.4160237
687,2.6698656,2.9149606,0.0024110447,4.50867
688,0.013686274,7.82044,0.7871485,3.4682286
689,0.06373641,0.0012374729,5.7205534,0.01776748
690,5.2877088,0.003215511,0.0039955503,5.714706
691,0.15468118,0.0011065496,1.2682594,0.015085969
692,4.833235,0.004130196,0.0032168666,4.183171
693,0.004933825,1.7813203,0.636928,3.1655822
694,7.3249393,0.0015190433,0.0013866369,0.082151115
695,8.068193,0.0015600492,3.689952,0.0095501095
696,2.7675095,2.4327006,0.002118478,3.978602
697,0.01609969,0.00104443,3.0998187,0.008319389
698,3.9485626,2.594451,0.00059542386,0.002446654
699,3.9198985,1.9090799,1.3296496,0.0027162875
700,0.011106566,8.492647,0.00664312,2.5172024
701,0.0037135624,0.0015510666,0.01212491,4.6655674
702,7.715207,0.0016088415,0.0019342717,0.00908628
703,5.976909,0.0025601438,0.0026670569,4.3280478
704,0.004325458,0.002042018,0.0020753555,4.366355
705,6.8386445,0.0016376858,2.4816833,0.15489739
706,7.056752,0.0014760272,0.0018275481,0.027345166
707,3.3719432,2.1711338,1.2169069,0.0029237578
708,0.005488483,2.5260253,3.318408,3.4383442
709,0.23841254,0.0011581389,3.584771,0.005167028
710,2.051225,2.3502831,0.0013352203,4.0679626
711,0.0028654714,0.0013727483,0.0015310427,4.1628203
712,1.1003848,6.6579537,4.2708006,0.0033191377
713,4.625525,2.7992752,0.00074532715,0.0024307994
714,3.2053065,2.3343062,3.134763,0.00796862
715,2.1443584,2.5162835,0.0013627275,4.5211887
716,0.00026931489,3.3965513e-05,0.33366036,0.0002305647
717,0.003539865,0.0015185334,0.0015402553,3.89764
718,3.4832325,2.7440946,0.7715996,0.0060613253
719,7.552854,0.0016442719,0.0015504521,0.009196674
720,1.7216189,2.228677,0.0013903631,4.7175803
721,2.4366186,2.8221378,0.0012876422,3.3740919
722,0.013889015,0.0012189733,3.4262373,0.009957471
723,2.4330618,2.6865666,0.0016563851,5.0645604
724,6.9088655,0.0015701975,0.001228788,0.02355366
725,0.41703552,8.275893,3.6071064,0.0035512159
726,4.3083005,2.8041182,0.010906761,0.0034836137
727,0.012562286,8.320975,1.0298737,2.5046012
728,2.1045463,2.8104773,0.0011762097,4.5147934
729,5.7876964,0.003046569,0.0025903936,3.389993
730,7.038932,0.0016075425,0.0014247947,0.011684725
731,0.0031288425,0.0014988796,0.0014079945,4.0396605
732,5.3152804,0.002799651,0.002742817,3.9126983
733,0.6094638,7.9411907,1.7545803,0.005140627
734,0.14984253,0.0011679684,0.002389385,0.0023033242
735,0.9078609,7.6668,0.36424124,0.005595341
736,0.0057166493,3.3420858,0.039555583,2.6082795
737,2.4507997,2.8747246,0.0013650389,4.0969133
738,0.6268207,0.0012469995,3.2686555,0.00448493
739,0.0033929416,0.001738085,0.0022600421,4.119132
740,7.8384757,0.0016480742,0.0062426343,0.25270906
741,2.4758039,2.5853598,0.0027548678,3.8604631
742,0.013412813,0.0011821457,0.0006376231,0.0035746763
743,2.0947478,2.8354096,0.0015856798,4.494633
744,0.0061312187,1.2794951,2.534085,3.507919
745,3.618376,2.6526105,3.7429678,0.005588504
746,0.003400413,0.0015592489,0.0016359305,4.422314
747,7.241413,0.0015755126,0.0016863707,0.007734158
748,7.9208236,0.0016372494,0.0014292652,0.008351572
749,5.7724233,0.0032750282,0.0024075855,3.8510761
750,0.1530966,7.5487885,3.213416,0.0037389619
751,0.20084587,8.337112,3.5957909,0.0031734654
752,0.010322419,0.0011377097,1.3306067,0.008404473
753,0.017654482,0.0011474343,0.0005398352,0.006392152
754,2.6787305,2.6500134,0.0010443816,3.519899
755,7.564613,0.0015257255,0.001656086,0.010494642
756,0.0025518367,3.2277153,1.5491413,0.0036024244
757,0.039762307,0.0010601582,5.3961596,0.011563698
758,0.003609624,3.6468644,4.957556,0.0046582436
759,2.5056295,2.6338308,0.0012330628,3.9143217
760,0.0035004215,2.246417,9.344249,0.0030803063
761,0.017184116,0.0012167527,0.000511529,0.0028764561
762,2.1796978,2.4947336,0.001300808,3.5832598
763,0.0052517992,0.0013327249,2.072872,0.0027241285
764,4.102562,3.174318,0.0026979935,0.0037411589
765,0.0035055743,0.0015985525,0.0015658706,4.9430485
766,2.3307977,2.8489673,0.0011512487,3.6196105
767,0.0034375328,3.3240938,3.6334033,0.0034286715
768,3.85022,2.9146757,4.207797,0.010648838
769,2.7936358,2.6376119,0.001316055,3.5139155
770,0.033191025,0.0014233238,2.9584682,0.004604887
771,0.0044716476,2.3508945,0.47940218,3.1274626
772,0.0002955088,8.645014e-05,0.23276551,0.00038160657
773,2.0358195,2.5453532,0.0013788849,4.8452787
774,3.077796,2.4110646,0.0016097147,3.7551324
775,0.16493724,8.450218,3.3671734,0.004321205
776,0.012409865,8.215661,0.0017176882,2.1623702
777,4.08297,2.8107114,0.0007706885,0.004953225
778,0.0019912822,3.5918422,0.008202517,0.0047725146
779,7.0941195,0.0015309142,0.0013424208,0.0075127743
780,0.0042461166,0.0017153007,1.5993646,4.331939
781,3.737519,3.3763394,1.3809593,0.002543328
782,3.9139302,3.09863,2.983954,0.0027190153
783,0.019332353,7.3103046,1.6484956,3.19605
784,0.007311908,2.1240637,0.0015263258,3.2562158
785,0.32214168,0.0011148158,2.2244546,0.003636353
786,2.8878298,2.6965222,0.027339619,0.0023777157
787,0.0072558713,1.8565887,0.0011166582,3.332424
788,3.660134,3.0954585,1.5033523,0.002871914
789,3.3741972,2.8814087,0.00070500874,0.002268391
790,0.012639785,7.1433554,0.0018391516,2.7094085
791,2.3289206,2.7249875,0.00113655,3.8224707
792,0.0036434585,0.0009835068,0.0013318006,0.0055224663
793,6.790001,0.0014500489,0.0013128552,0.0067181494
794,4.0998254,2.8068933,0.0014749247,0.002974409
795,2.4688697,2.680192,0.0021110536,4.3703218
796,0.004454866,0.0018853648,0.00208912,4.211159
797,3.583604,2.7684605,2.6890218,0.002490644
798,0.018453602,0.0012691157,0.005972665,0.0045998744
799,0.0026387828,0.0010660706,0.0004500272,0.0027520542
800,3.5229251,2.7471697,0.0004934157,0.0021858104
801,3.0190678,3.1231487,0.017416656,4.3322105
802,0.011479542,0.0012673038,3.156557,0.0046088104
803,3.9245522,2.6911404,0.018421086,0.0030364688
804,0.3295508,0.0012245526,0.0005542489,0.0027707268
805,0.0028960553,2.9288201,4.370402,0.0029533047
806,0.027325023,0.0010517065,0.0005322614,0.0021693185
807,0.010397888,6.641575,0.013523227,3.4667783
808,1.9097434,2.4891474,0.0011877569,4.28709
809,5.620064,0.0027138134,0.0027678467,3.8290193
810,2.8862154,2.8666263,0.0013801702,4.087769
811,3.547578,2.378706,2.6208434,0.009190555
812,0.0053158677,0.0017702946,0.0050868285,5.67736
813,0.003152268,3.084128,2.2090197,0.0033566891
814,0.0068032234,0.0011254137,3.9230237,0.002940492
815,7.98078,0.0015669722,0.0049985005,0.009773582
816,0.009674015,0.0011471672,0.0015872185,0.004648432
817,2.388279,2.5193894,0.0014148687,4.0157433
818,5.0505776,0.0033222921,0.0029169705,4.972558
819,0.3712662,7.727313,0.018890733,0.004200063
820,6.9059515,0.0016319663,0.001244491,0.0070303413
821,3.415732,2.5662181,4.191486,0.007975524
822,3.6837206,3.1385942,0.005201337,0.002635051
823,3.0311,2.9308653,1.794299,4.117846
824,0.010353653,6.960035,0.00161664,3.187288
825,2.8287842,2.9530075,0.0014973737,4.1738653
826,0.053972173,0.0012209332,1.2576703,0.004380441
827,4.1138616,2.8441424,1.8964728,0.0027631074
828,0.12600054,0.0012224896,3.8233793,0.00479585
829,2.6568124,2.3921046,0.0016023514,4.233147
830,0.012069062,7.6546745,4.1678176,3.5780983
831,3.9748063,2.2853518,2.1186955,0.003094892
832,3.928301,2.9187741,2.804218,0.0054963976
833,5.707569,0.0027826296,0.0028169197,5.030019
834,6.446507,0.0015187094,3.2051513,0.23318556
835,0.009934573,7.271868,2.1499124,2.4020245
836,2.585946,2.5086193,0.0016391593,4.400552
837,2.7087648,3.1509316,0.001724305,2.9750154
838,0.0050397534,2.434222,0.0012027238,3.1788998
839,2.413789,2.901383,0.0016938841,4.0566483
840,1.8404629,2.2616384,0.0012895248,4.247247
841,0.004736436,0.0014934554,0.0014441767,4.924804
842,0.007126586,3.3092315,0.51453847,2.2103515
843,2.6036987,2.8801458,0.0028441946,3.965203
844,0.018412989,0.0010110092,0.0005273679,0.0018399059
845,0.004397122,0.0010615534,2.263295,0.0025225144
846,0.00067922665,5.062343e-05,0.32654345,0.00025968987
847,0.00019899932,3.8812996e-05,0.17822495,0.00030473692
848,5.7824583,0.0042995475,0.003105185,4.6332884
849,0.0058864746,0.0014146469,3.206812,0.014016495
850,6.443596,0.0014255734,0.0015782481,0.38154608
851,3.744545,2.3906362,4.1744184,0.0025208816
852,2.982545,3.0119183,0.0015903716,3.7967315
853,7.8629003,0.0015128022,0.0011016598,0.018327579
854,0.0005476285,2.4447321e-05,0.37957698,0.00018692456
855,0.007801414,0.0011636529,2.66824,0.0025715332
856,6.768744,0.0014888613,2.188271,0.026387887
857,0.11279592,0.0012442156,2.7500448,0.005809717
858,3.64778,2.5992684,1.7070123,0.002295059
859,3.611204,3.439785,1.4294772,0.0022581525
860,0.0038543912,3.1666963,4.5960364,0.0033413682
861,0.023143219,0.0011204634,1.2720795,0.0030776914
862,2.5357485,2.2792842,0.0015117386,3.8445606
863,0.0112838475,6.7976356,0.0026693942,2.7556307
864,0.0018883906,3.757712,1.9729891,0.0034032208
865,7.402452,0.0014758309,3.9740195,0.009227458
866,5.721809,0.003927379,0.002885406,5.075155
867,7.0873666,0.0015246405,2.1432776,0.01777069
868,0.0035743136,0.0013205054,4.574698,0.0037073274
869,0.00085559004,2.2695387e-05,0.1958215,0.00023698987
870,0.0029077593,0.0015358262,0.0015218796,3.8785024
871,0.016788088,0.0012869069,4.1557684,0.0031207695
872,0.010795973,7.047691,0.00803135,2.7515552
873,4.9862857,0.0029360086,0.0036942177,5.128592
874,3.6009946,3.036627,1.7538593,0.0032020847
875,0.00033279555,3.4139153e-05,0.31399852,0.00028193265
876,6.731981,0.001501031,0.001214103,0.056845915
877,7.0798116,0.0013876846,0.007099801,0.011882544
878,0.0043949946,0.0017675633,0.001425335,2.7115736
879,5.213396,0.0026253874,0.0024198224,3.693945
880,0.07193807,0.0010517687,3.6099806,0.038718216
881,3.9744399,3.245792,0.0045201937,0.0026308214
882,0.0033202523,0.0018474269,0.0014101574,2.6291237
883,2.5051184,2.6049685,0.001494876,4.1552634
884,3.1943204,2.7736983,0.0034567858,4.689255
885,5.5485516,0.0029395795,0.004340195,4.749295
886,0.0033030242,0.0018676651,3.867417,4.807224
887,7.7297897,0.0014832017,3.5636575,0.029962957
888,0.016964693,0.0011942226,1.4493568,0.0024594192
889,2.878976,2.702285,0.0013365765,3.4453
890,0.0056808996,2.1640694,0.0041574147,0.16398916
891,0.00029126913,3.5621124e-05,0.22119123,0.0002445967
892,0.0030582405,0.0017404394,2.9267945,4.3659015
893,0.003166852,0.0017146538,0.0012852076,3.7924185
894,0.004586475,0.0016254799,0.0014314655,4.547223
895,4.0521946,3.052515,2.386535,0.0030911358
896,0.0028173577,0.0010463372,0.0028575861,0.0024021948
897,0.0029959972,0.001743867,0.0021801104,3.6793673
898,0.13613078,0.00095214543,2.1741097,0.0037006636
899,2.823642,3.1064677,0.0016401664,3.824312
900,0.0060921325,3.0061872,0.0016970322,2.986824
901,2.369993,2.6559632,0.001476206,4.100329
902,0.0055890745,0.0021333706,0.0015920158,3.428797
903,2.2574358,2.4279506,0.0015190216,4.0622287
904,2.270601,2.3136985,0.0015197316,3.73564
905,0.01928826,0.0012390494,3.6081328,0.009670718
906,2.9607894,3.0943007,0.0019528754,3.5621984
907,3.411265,2.6004763,0.00060202583,0.0024300774
908,0.0004676984,5.002272e-05,0.44919565,0.00023596083
909,3.2332304,2.6216018,2.3006217,0.0067680585
910,0.019335331,0.001359981,2.8503523,0.0041920757
911,0.005007989,1.9154159,0.17338605,2.8790889
912,0.009964196,0.0011456253,3.7110512,0.0057134987
913,4.110711,2.5658014,2.6336386,0.0027990313
914,3.7880285,3.176268,1.3129395,0.0026486272
915,3.267175,2.1413589,1.219382,0.002417919
916,4.9798775,0.0031585228,0.0028752561,4.2910657
917,0.005781953,3.0092242,1.5245992,3.4286442
918,4.7301016,0.0044646314,0.0028982963,4.1176586
919,0.005299869,2.8040998,0.09349947,3.187989
920,6.688045,0.0016928547,0.0032300134,0.009372287
921,5.059351,0.0039136875,0.0023050515,5.069916
922,0.6058737,7.6888695,3.193948,0.0046937717
923,0.0028779446,0.0015112478,0.0013435831,3.8239224
924,0.009567544,7.688015,0.0023732304,2.370157
925,0.009803351,7.323711,0.7720327,2.5547378
926,0.015451692,0.000992925,0.0007097668,0.0021812106
927,0.0036601159,0.0017177594,0.0022514004,4.5001526
928,0.027811281,0.0012430184,3.7793396,0.013837809
929,6.66071,0.0015138162,2.2495508,0.012168467
930,2.623163,2.4234776,0.0022489433,3.9465904
931,7.780544,0.0016345473,0.001827232,0.10809274
932,0.017264325,0.0012251812,0.001515194,0.002283957
933,0.0053994334,2.8949182,0.01806181,1.7970734
934,3.94465,3.1289842,0.0007018029,0.004231051
935,0.035342813,0.00087130175,0.0004229367,0.00258583
936,0.0054025133,0.0011242926,2.3158934,0.002401929
937,3.9663136,2.8221927,1.5631528,0.0033001178
938,5.5669503,0.0039106146,0.0026674995,4.364994
939,0.003771028,0.0017955165,0.0017742851,4.6114
940,3.3625968,3.1699464,0.79352015,0.003589316
941,7.703088,0.0019375394,0.0025778092,0.0082174875
942,0.018642846,0.0011571303,1.5012995,0.0029590377
943,2.5038154,2.3898227,0.0020314169,4.2258277
944,3.4510486,2.390292,3.044858,0.0053657875
945,0.004014321,0.0012568313,0.0021702962,0.0026902456
946,3.1185281,2.544194,0.0017747573,4.280146
947,0.01148431,0.001050947,0.0006479023,0.003276401
948,5.8590593,0.0029934437,0.0028777018,4.709775
949,0.6741733,0.0012498825,4.4312053,0.003054029
950,0.0027000732,0.001579089,0.0025492983,3.677723
951,2.1049857,2.529568,0.0013511791,4.0177665
952,2.1529639,2.5826526,0.0014397918,3.4992373
953,3.6147735,2.6554835,0.00043654736,0.0028189272
954,0.0077932454,2.117087,0.001299658,0.029617805
955,0.0018853208,0.0010637125,2.240866,0.020861784
956,1.9696648,2.655034,0.0013268647,5.0496407
957,7.099034,0.0015185139,0.0013349,0.15763687
958,0.002600066,2.796838,5.9821153,0.0028554897
959,2.83105,2.46923,0.001221516,3.2022913
960,0.036123637,0.00085799024,2.6618416,0.020008013
961,0.012784493,7.0823874,0.0029511973,1.4086176
962,0.009935952,0.0011541316,3.3652453,0.0037847622
963,2.2893243,2.5132089,0.0023099952,4.6183367
964,0.00011876471,1.884297e-05,0.39926773,0.00017904841
965,0.012173376,0.0013290575,2.1951604,0.00826875
966,0.004272322,0.0019849497,0.001551597,3.7210793
967,0.007389517,2.2389348,4.417098,4.6131
968,0.011934621,0.0011664683,0.00063622295,0.004070837
969,0.0033999088,3.147114,0.0102519635,0.0053643496
970,3.5259068,2.8819761,0.34764686,0.0030127787
971,3.1807356,2.1769376,0.0013938741,2.9728549
972,0.140873,0.0010815517,2.2955494,0.13280119
973,0.023090685,0.0010344167,0.0009715171,0.002217754
974,0.6055081,7.799116,2.5063453,0.0046851803
975,0.0043397397,0.001814877,0.77729297,3.7626426
976,0.7620628,0.0013040804,1.1967589,0.003963287
977,2.8970788,2.4168727,0.0016476742,3.802876
978,3.7849767,2.5793285,0.00085827254,0.0037133268
979,2.896791,2.7074218,0.0017219017,2.752437
980,0.5688338,8.579371,1.3169748,0.006015495
981,0.0028176587,0.001629903,0.0021234825,3.732113
982,7.628614,0.0016043874,0.0013647324,0.012789078
983,3.5350027,2.6169941,0.00053471857,0.0021022737
984,7.691392,0.0013882578,0.0011007702,0.010137778
985,4.0757585,2.479864,4.931401,0.005694555
986,4.1214013,2.9601274,0.8546206,0.0032719749
987,2.0757706,2.3533797,0.0013795275,4.25434
988,3.7086499,3.481522,3.1957045,0.004669252
989,0.006048552,1.852532,0.0014886023,2.4598188
990,0.004962005,0.0019122035,0.0023520202,4.4390965
991,0.0034668387,0.0012098529,0.71140146,0.002205588
992,7.0050435,0.0018929272,0.0012888167,0.010519582
993,0.03256258,0.0011990328,0.5599373,0.0039182007
994,4.0478983,2.5465598,1.3095561,0.0027709526
995,7.772369,0.0016896401,0.0027452873,0.61826426
996,0.010825975,7.1545467,0.9566622,2.669095
997,0.013803909,0.0010816972,2.9929612,0.0147792315
998,3.0326378,2.7145543,1.9750341,3.922856
999,8.095925,0.0014915837,0.008106302,0.010394195
1000,0.009731836,7.7722783,0.003792272,2.88044
1001,0.0026010342,0.0012344442,0.0006202793,0.0031210075
1002,4.01171,2.4915156,0.0011288798,0.002524347
1003,4.044968,2.8997304,3.95736,0.005723253
1004,3.84216,3.0403209,0.029493544,0.002832128
1005,0.0055828625,2.5004704,0.0869182,2.7155104
1006,0.0036011054,0.001818297,0.003321378,4.1863723
1007,0.00015956334,5.7487847e-05,0.35892734,0.00040137046
1008,8.187474,0.0015403023,0.0024175607,0.009314493
1009,0.042579617,0.0010397115,0.00059644936,0.0026238642
1010,0.0020593111,4.2415233,0.013313124,0.005109544
1011,0.00030092854,5.3957785e-05,0.3331664,0.00019550891
1012,3.3413625,2.7121701,0.0018633908,0.0028369303
1013,0.017750232,0.0010251665,3.3866687,0.0063354378
1014,0.003532808,3.6203895,0.033325974,0.005069172
1015,0.044738613,0.0010868668,2.0658062,0.0045350515
1016,0.00580157,2.7143333,0.0052864645,1.6275741
1017,0.030922333,0.0011083076,1.088784,0.018743576
1018,0.011056452,8.258564,0.0022047372,1.3499515
1019,5.307575,0.0032938123,0.0024815006,4.5858035
1020,0.005982972,3.1299825,1.8354936,2.439024
1021,0.0024837845,0.0016320931,0.01215736,3.4801917
1022,0.000398903,3.160305e-05,0.31015408,0.0001203632
1023,2.9918597,2.8311362,0.69196284,0.002335018
1024,7.0273247,0.0015441277,0.0027399855,0.10476624
1025,6.3510957,0.0017006792,0.0013690563,0.03919105
1026,0.0031912331,0.0015492105,0.0022028636,4.8737526
1027,3.8382905,2.547926,4.2271986,0.0025526446
1028,0.009848842,0.0013034096,3.7284906,0.0046590725
1029,2.4708219,2.4905791,0.0013031107,3.6375828
1030,7.0633035,0.001390521,2.0447602,0.024108626
1031,0.0022333676,3.224853,0.78604627,0.0035990335
1032,3.6669095,2.902685,2.451376,0.0064742765
1033,2.6561098,2.5724394,1.3896744,4.3738184
1034,4.4463906,2.3529747,3.1530247,0.0027167331
1035,0.012549414,7.948876,0.011487449,3.2126982
1036,0.0028713748,0.001749831,0.0030091146,4.0330925
1037,0.005179426,0.0018954453,0.0012374127,3.3123178
1038,0.0044550705,0.0016383099,0.0012640955,5.593292
1039,0.00411417,0.0019361845,0.0014522078,3.0824187
1040,5.8602424,0.0031043426,0.0032407446,3.7914274
1041,5.3797855,0.0028991036,0.0031918087,4.0432773
1042,0.004956833,0.0019087682,0.001624045,4.349769
1043,5.3199587,0.0030730164,0.0023832754,4.753101
1044,0.00037689376,0.0031308169,0.3262044,0.00026670427
1045,0.0051005343,2.360965,0.58968866,2.5975168
1046,4.1084003,2.7936614,3.5330606,0.0033528162
1047,0.009732133,7.345858,0.14424314,2.667907
1048,0.0029483547,0.0017548394,0.0015459231,4.012189
1049,3.9959304,2.3300753,0.0006966121,0.004347198
1050,5.813478,0.003286586,0.003032147,4.7891498
1051,0.012906587,0.0013047067,4.431713,0.0044461526
1052,0.006864216,3.206656,0.0013001531,0.171434
1053,3.5106914,2.2670045,0.0005714839,0.0023267798
1054,2.5032763,2.9247873,0.0014680456,3.5883539
1055,0.027641643,0.0010243519,0.42932865,0.0031923354
1056,2.394921,2.1686456,0.008157187,3.547584
1057,2.7375896,2.6694198,0.007609688,3.972286
1058,0.0030394893,0.0016884666,0.0017079568,4.399418
1059,3.2080255,2.698073,0.0005010821,0.0022271762
1060,0.003312017,0.0016779676,0.0013248301,4.0604486
1061,0.009740568,7.1901693,0.059611775,2.6996627
1062,9.505101e-05,1.8751045e-05,0.3746082,9.457737e-05
1063,2.4098935,2.7908082,0.003672439,4.686396
1064,0.010516242,0.0012073966,0.01814616,0.0034498747
1065,3.9260921,2.4623225,0.58048403,0.0026998196
1066,0.6463423,8.299306,6.0420017,0.0034416183
1067,0.00853116,8.40461,0.0052494057,3.1184344
1068,2.3343859,2.2904317,1.6655351,4.2319674
1069,0.0032332307,0.0016068137,0.001427071,4.012713
1070,2.8489869,2.6777139,0.0015229075,3.516723
1071,3.6828735,2.2299087,3.0143611,0.0037729978
1072,7.200611,0.0015612249,0.0014768488,0.061050866
1073,3.669642,2.7437956,2.3467283,0.004617316
1074,4.4655256,2.6871092,0.0007002362,0.0032539063
1075,5.5743737,0.0031017826,0.0024564106,4.9018164
1076,4.127907,3.1054814,2.4050193,0.0032616844
1077,3.9557657,2.9632912,0.0005687513,0.0034305016
1078,2.2127986,2.3844814,0.0016783573,3.3660276
1079,3.3482072,3.049823,0.0017840788,0.0022132008
1080,0.009630948,7.3450637,0.0014820995,2.8421218
1081,0.002849528,0.0012623793,1.761602,0.010250663
1082,0.008926466,8.081355,1.8614058,2.085165
1083,2.9107077,2.9035504,0.0012809663,3.0072858
1084,3.309334,2.5916035,3.2464774,0.0029919327
1085,3.60896,3.3567395,0.066669226,0.0022909949
1086,0.0033975898,0.001606475,0.0013071595,4.5667806
1087,0.72030705,0.0010976761,0.0010188692,0.162801
1088,2.246203,2.1636162,0.0013450965,3.761538
1089,3.6907187,2.8737733,0.0005084435,0.0034518756
1090,0.43006495,0.0011909584,3.165854,0.0058472618
1091,0.32142675,0.0012445034,0.00078690524,0.0056169643
1092,3.7100995,2.9137604,1.1263791,0.00232401
1093,0.030949062,0.0013764596,3.1825964,0.007842255
1094,0.01126626,7.668493,0.0019921095,2.7116146
1095,0.0033074387,0.001568875,0.0014428687,4.419162
1096,0.0061362553,3.4052641,0.0018290372,2.324262
1097,0.0024042563,0.0013103323,0.0011526505,3.64396
1098,0.009637927,6.4838853,0.001835851,3.0770836
1099,0.002977481,0.0014988524,0.0016483902,4.3591766
1100,0.30062345,0.0011431805,3.5644667,0.2068005
1101,0.003662181,0.0016605892,0.0014900204,3.6702397
1102,0.012882379,7.7149715,2.1920738,3.0014324
1103,2.6305833,2.2822084,0.001398373,3.4835713
1104,0.07275918,0.0011760112,2.7258763,0.003933695
1105,0.42904148,7.3728123,5.173281,0.0035729161
1106,0.00970966,0.00090345525,0.00047531235,0.0016081244
1107,2.4656768,2.0679433,0.009922884,3.9274635
1108,2.2633562,2.5881734,0.0010745886,3.4228761
1109,0.00019082612,3.1814605e-05,0.63862133,0.0002986818
1110,0.0060095116,2.961776,0.5004693,3.1371481
1111,0.0014295713,2.4295594e-05,0.44611496,0.00011194769
1112,3.2797449,2.8576415,0.00039424797,0.0016684342
1113,2.580527,2.4645903,0.0029919513,4.2975764
1114,0.0023002203,0.0011439521,0.00069770485,0.0034344331
1115,3.1141531,2.6564872,0.5016602,0.0028536795
1116,4.111817,3.0023227,2.6547003,0.0053754216
1117,0.008308229,0.0012822576,6.612286,0.008509444
1118,0.029921632,8.57508,4.6385117,0.003779691
1119,7.1757827,0.0015994933,0.002487538,0.036701433
1120,4.34397,2.8103716,2.9029346,0.0028859854
1121,0.0116552925,8.513321,2.5655303,3.0029821
1122,3.2500722,3.056077,0.003226602,0.0021579864
1123,7.3876147,0.0015008964,0.0032499197,0.0667712
1124,3.3360949,2.6347857,1.5483993,0.0033624351
1125,0.021342399,0.0012457508,1.2944715,0.0028777856
1126,2.7206445,2.4602945,0.0014681892,4.015977
1127,0.00983422,0.0012185583,3.7497222,0.010123464
1128,2.7240865,3.1360831,0.00170256,4.569628
1129,0.004817879,0.0019035336,0.0012985738,4.4323444
1130,0.00035867377,2.9816823e-05,0.41680476,0.0002704203
1131,0.36486372,0.0012390162,5.5922127,0.00539689
1132,6.866748,0.001775056,0.0013752439,0.007393493
1133,0.030769022,0.0009313911,0.00043819493,0.0019273905
1134,3.6293821,2.1099987,2.5220773,0.0055619776
1135,4.0807924,2.3298476,0.0006145898,0.003491921
1136,2.2694037,2.5045912,0.0013585966,4.0202947
1137,2.3785408,2.6363668,0.0013900583,3.7279515
1138,2.5497873,2.645825,0.0014242872,3.6729465
1139,0.013744435,7.358024,0.0023414511,3.1617825
1140,0.009895258,7.229447,0.0017558011,3.165758
1141,0.030582245,0.0009272549,1.9360511,0.0025714033
1142,0.0064548994,0.0012444998,2.6014907,0.0050345105
1143,6.8535886,0.0019834936,0.001183383,0.013851898
1144,7.0694003,0.0015779659,0.0016466023,0.019948924
1145,2.4886456,2.3094738,0.0016079511,3.7470238
1146,0.0019812332,2.5918481,0.7083,0.003815187
1147,2.6034305,2.6099758,0.001558493,3.4469376
1148,2.4259758,2.3321254,0.0014498918,3.655248
1149,0.38752186,0.0009701792,3.840774,0.005170052
1150,0.0027272427,0.0016300352,0.0021603573,3.9598188
1151,4.2740836,3.047275,1.6413841,0.0037552803
1152,0.0031346679,0.0016140381,1.8090662,4.495014
1153,0.00044741106,5.0554583e-05,0.37138546,0.00030548184
1154,0.010555312,7.4105077,0.0031270317,3.4104776
1155,0.0038909744,0.0015892292,0.00137779,3.835523
1156,7.4561033,0.0014852918,0.0014061192,0.00923728
1157,0.045313567,0.0009402573,0.00070758484,0.0056721894
1158,7.6678057,0.0015541805,0.0014161741,0.009693293
1159,3.2924173,3.0919533,0.008523316,0.002184511
1160,0.0039975955,0.00188665,0.0022102287,4.4068656
1161,0.8970269,7.231957,2.2758904,0.0046703657
1162,6.1363964,0.0016370878,0.039759427,0.19480632
1163,7.0962095,0.0014911776,0.007171834,0.078244634
1164,1.3554059,0.0012837492,6.8286023,0.0041934736
1165,1.1762168,0.0011122327,2.4867513,0.0025072475
1166,2.4865522,2.4025383,0.002876031,3.9928184
1167,2.2591236,2.3264537,0.0014298228,4.2239494
1168,0.0021222385,2.4966757,2.0179145,0.0031434153
1169,0.0006068532,2.6419944e-05,0.37053257,0.0002819813
1170,0.15540974,0.00083239324,0.0004116961,0.17515929
1171,6.866515,0.0014847579,2.9818168,0.029374057
1172,5.2401686,0.0025216246,0.002181198,4.072764
1173,2.3765793,2.8648643,0.0013707037,3.5658026
1174,0.00035095887,8.244019e-05,0.30479178,0.0002822404
1175,3.2798176,2.5890486,0.00091159984,0.0019479027
1176,3.4829297,2.4165041,3.437132,0.005644036
1177,4.3601503,2.4599013,1.8657495,0.00363679
1178,7.5427475,0.0015636276,0.0014700877,0.030979745
1179,0.0124616735,0.0012267057,0.7337454,0.010985984
1180,5.7295957,0.0033297096,0.0022426005,4.74201
1181,0.44327363,0.0011777801,3.2759988,0.0029196925
1182,0.010802724,6.65746,2.0173576,3.822786
1183,0.0043268506,0.0018436428,0.0014849072,4.2057886
1184,2.503152,2.3673017,0.0017102942,4.4521728
1185,0.004230698,0.0015051822,0.0018684462,4.666821
1186,0.06010151,0.0010093435,1.1792365,0.032205697
1187,0.0035740016,0.0019472451,0.002156142,4.3620462
1188,0.010723764,7.159627,0.0021569133,1.8336256
1189,7.905842,0.0017107492,0.0014819024,0.009850336
1190,0.015969314,6.8678627,0.004822478,2.9963167
1191,0.0045294478,4.0230705e-05,0.32116264,0.00023364657
1192,0.045248177,0.0012010549,2.8431075,0.014533258
1193,3.3820436,2.5148034,0.0006604127,0.0028711187
1194,2.4430833,2.5671089,0.0021799991,3.1724792
1195,0.0038104109,0.001749851,0.0015297919,4.701962
1196,6.0365305,0.0016589478,0.04701277,0.22115234
1197,2.1223786,2.6606066,0.001373371,3.4904277
1198,2.1444244,2.5040383,0.0013092749,3.3302584
1199,5.653901,0.0034667973,0.0028672933,5.360711
1200,0.013595285,8.207415,0.0067975936,3.5196128
1201,0.0066856015,1.9605381,0.001269862,3.2076993
1202,0.15231948,0.0012544071,2.727829,0.0023846647
1203,0.02728634,0.0011508925,1.36249,0.0026009614
1204,0.22101705,0.0011815224,0.0009233255,0.0033138164
1205,5.5683236,0.0034749683,0.006043144,5.4494452
1206,3.8644814,2.6936746,3.7527308,0.0025852553
1207,0.0027604934,0.001705887,0.0016923333,3.7448084
1208,0.0139744785,7.49014,0.43523812,2.5201561
1209,0.023358192,0.0012473129,0.0011591145,0.0032090074
1210,2.2441063,2.4068499,0.0013657479,3.4106667
1211,3.776611,3.1964753,3.2941766,0.0070459642
1212,2.282695,2.7542665,0.0018152008,4.0600996
1213,0.012580564,6.5295296,0.0015930448,2.698709
1214,3.225146,2.9633117,0.0033245091,3.19349
1215,6.16898,0.0032339878,0.0032883966,4.826072
1216,0.6595645,0.0012725072,5.3391976,0.005150107
1217,2.258044,2.3324964,0.0013559598,4.3512406
1218,3.1832924,2.6591449,1.3141028,0.0025246455
1219,2.9396958,2.6975615,0.0018537494,3.96529
1220,2.3833876,2.6157386,0.0020010425,3.4054956
1221,6.0289297,0.0016575815,0.0019357,0.02808335
1222,2.4557142,2.7942164,0.0012696169,2.9831057
1223,0.0057370076,3.0824723,0.0016377951,1.9871053
1224,0.035567507,0.0009211342,0.00048633656,0.001983656
1225,3.2867854,2.8883748,1.876086,0.00992323
1226,0.0030591507,0.0016643222,0.0014052719,4.0555124
1227,0.009758443,0.0010072646,0.000511153,0.002517986
1228,3.5634007,2.5513191,0.92009157,0.0027857018
1229,5.243537,0.0034411277,0.0032119774,4.1856837
1230,0.00047025803,1.6237367e-05,0.24458988,0.00015113104
1231,3.5810087,2.856679,1.8453122,0.0054119397
1232,0.0022134266,0.001187296,1.8310277,0.024016134
1233,1.9280915,2.3454406,0.0011913453,4.534463
1234,0.06298955,0.001111544,0.00049259054,0.0024474745
1235,0.005921756,3.2930875,1.5703504,3.4346802
1236,0.31931144,0.0010594266,1.5418621,0.1598447
1237,0.19133037,8.2432375,4.511767,0.003740649
1238,2.6122177,2.4995267,0.0013185267,3.2418983
1239,0.010552319,7.616198,0.00180285,2.4883537
1240,6.245587,0.0029994936,0.00313584,4.843509
1241,7.3117256,0.0013884458,0.001570029,0.007940711
1242,0.0028206764,3.288164,0.0046247975,0.0056905947
1243,6.567422,0.0033038354,0.003115203,4.6727977
1244,4.219071,3.3220305,0.0004928645,0.002076604
1245,0.00073345116,1.923337e-05,0.36983126,0.00017039277
1246,5.395361,0.0030255988,0.0025445814,4.3485093
1247,0.00984189,0.0013233325,3.9025855,0.006352723
1248,0.0052456995,0.0020078698,0.0035322923,4.7739067
1249,0.004385875,0.0015275439,0.0014332817,4.492014
1250,6.198727,0.00146319,2.0007098,0.50746083
1251,0.004392229,0.0017450274,0.0014497716,4.285638
1252,7.1125393,0.00150652,0.007544257,0.12797086
1253,5.280157,0.003383687,0.00290364,4.247338
1254,3.3815281,3.014844,1.9493558,0.004461335
1255,7.2855587,0.0016725188,0.0015182612,0.030031215
1256,0.000678876,3.416534e-05,0.38558835,0.00025835348
1257,0.0003711091,1.9594148e-05,0.4480664,0.00016907966
1258,1.2709388,0.0010273397,3.9134045,0.003954202
1259,0.009318865,0.0011178964,0.00056482514,0.0028595203
1260,2.3060043,2.561542,0.0014088071,3.7303214
1261,7.1722693,0.0017248641,0.0013043677,0.019591615
1262,0.004627961,0.0014176416,3.0191393,0.004796753
1263,0.0025306877,0.0015326154,0.0015384173,2.8368063
1264,0.07217044,0.0010925045,1.9635282,0.0025889329
1265,0.0068899225,0.0012371631,0.6001364,0.003457216
1266,2.3007388,2.5476203,0.0015790595,4.053607
1267,3.244688,2.5329468,2.0056672,0.0026229613
1268,7.324185,0.0016970743,2.1090088,0.10445827
1269,0.0057140957,4.3150787,0.55473864,3.0132382
1270,0.004014549,2.5379162,0.014962738,0.0047327606
1271,2.5513022,2.8342736,0.0014166145,4.4859624
1272,2.6674907,2.7143106,0.0021669904,5.6456456
1273,0.024173757,0.0011503005,1.5484862,0.0036408117
1274,0.022361832,0.0011919658,3.3513796,0.010994091
1275,0.0054506143,2.433783,0.0012494558,2.6029084
1276,3.4705603,2.6535761,0.0005303868,0.0023703384
1277,2.0968668,1.9994972,0.001323339,3.8511572
1278,3.4133656,2.8766432,0.31548432,0.0030437752
1279,0.0001242229,2.0286976e-05,0.53433454,0.00014340096
1280,2.8305674,2.0817497,0.0012673498,0.0021350365
1281,2.888535,2.4673462,0.0015137786,3.0477438
1282,0.041481134,0.0011700208,0.0005069859,0.0021858208
1283,7.418572,0.0015120817,0.0016884038,0.013245649
1284,0.0036266663,0.0015811188,0.002864395,4.7550316
1285,0.00020020943,1.9258165e-05,0.2892651,0.00016061647
1286,0.0064776954,2.4052658,0.0012301594,0.13406138
1287,3.4799166,2.6017125,1.3793205,0.005692158
1288,0.0036942142,0.0018606082,0.0012895224,4.149715
1289,0.0030592745,0.0015945054,0.0031159814,4.192795
1290,4.0404987,2.2090306,1.4261154,0.002782558
1291,0.0026229187,0.0012193733,1.4277707,0.0027678283
1292,0.0014364296,2.8163338e-05,0.26307404,0.00022818039
1293,2.5105305,2.6645148,0.0010836724,3.7439723
1294,3.7452772,2.326043,1.785772,0.0028064179
1295,0.2652376,7.8948436,2.676404,0.004175854
